id,success,bounds
RAV_520582,True,"{'hw': (1024, 1024), 'center': (np.float64(512.1437321551504), np.float64(511.3846109330777)), 'radius': np.float64(512.266930687849), 'lines': {'top': [[0.0, 117.05366074308388], [1024.0, 117.0536607430837]], 'bottom': [[0.0, 903.0139635797999], [1024.0, 902.246174555064]]}}"
DRIVE_22,True,"{'hw': (584, 565), 'center': (np.float64(283.09072445306), np.float64(299.19712959533996)), 'radius': np.float64(268.15879831113), 'lines': {}}"
RAV_418381,True,"{'hw': (1024, 1024), 'center': (np.float64(510.70635257128737), np.float64(508.6381890436518)), 'radius': np.float64(510.9979493017085), 'lines': {'top': [[0.0, 78.18148812182807], [1024.0, 77.40609754314599]], 'bottom': [[0.0, 941.6009280252657], [1024.0, 942.1071176390467]]}}"
RAV_520114,True,"{'hw': (1024, 1024), 'center': (np.float64(512.042610940857), np.float64(512.0028229514503)), 'radius': np.float64(511.7425108027555), 'lines': {'top': [[0.0, 77.37463383410756], [1024.0, 78.94536237916536]], 'bottom': [[0.0, 938.7001957886245], [1024.0, 950.3885247401512]]}}"
HRF_04_g,True,"{'hw': (2336, 3504), 'center': (np.float64(1758.753002610265), np.float64(1163.9640178967406)), 'radius': np.float64(1630.6957526293993), 'lines': {'top': [[0.0, -3.9900252876976765], [3504.0, -3.9900252876983586]], 'bottom': [[0.0, 2339.4728237160184], [3504.0, 2340.3171799879133]]}}"
CHASEDB1_12R,True,"{'hw': (960, 999), 'center': (np.float64(493.01400486012216), np.float64(478.3732602394616)), 'radius': np.float64(459.076715622748), 'lines': {}}"
RAV_443723,True,"{'hw': (1024, 1024), 'center': (np.float64(511.8804826842469), np.float64(511.85766477519337)), 'radius': np.float64(511.8548306653121), 'lines': {'top': [[0.0, 77.16900166569181], [1024.0, 78.21066837078523]], 'bottom': [[0.0, 947.7433519244731], [1024.0, 944.7553097597457]]}}"
RAV_585808,True,"{'hw': (1024, 1024), 'center': (np.float64(512.1697874516121), np.float64(511.6957341255861)), 'radius': np.float64(512.0745230807875), 'lines': {'top': [[0.0, 121.75382544493614], [1024.0, 120.98603642020014]], 'bottom': [[0.0, 909.5656690339964], [1024.0, 898.0148811423163]]}}"
HRF_07_dr,True,"{'hw': (2336, 3504), 'center': (np.float64(1760.5995677356173), np.float64(1166.3678801332258)), 'radius': np.float64(1630.9672147850633), 'lines': {'top': [[0.0, -3.9900252876976765], [3504.0, -3.9900252876983586]], 'bottom': [[0.0, 2339.9900252876982], [3504.0, 2339.990025287698]]}}"
DRIVE_40,True,"{'hw': (584, 565), 'center': (np.float64(281.30812838736585), np.float64(299.4454769695863)), 'radius': np.float64(267.67530407879156), 'lines': {}}"
RAV_546983,True,"{'hw': (1024, 1024), 'center': (np.float64(512.2164407363302), np.float64(511.68843424166005)), 'radius': np.float64(512.0953834034706), 'lines': {'top': [[0.0, 117.18173733250991], [1024.0, 117.22923857373021]], 'bottom': [[0.0, 908.2059241136685], [1024.0, 899.2719973832438]]}}"
CHASEDB1_08L,True,"{'hw': (960, 999), 'center': (np.float64(493.16412450146635), np.float64(478.57695272965407)), 'radius': np.float64(445.97426594934524), 'lines': {}}"
